key,vi,en
title.name,CanDoKu,CanDoKu
title.play,Level %s,Level %s
title.replay,Chơi lại chiến dịch,Replay Campaign
title.help_tooltip,Xem cách chơi,How to Play
title.debug,🛠 Debug,🛠 Debug
help.title,Luật chơi,Rules
help.rule1_title,Mỗi hàng và cột,Each row and column
help.rule1_body,"Mỗi hàng và mỗi cột chỉ chứa đúng một viên kẹo.","Each row and each column contains exactly one candy."
help.rule2_title,Mỗi vùng,Each region
help.rule2_body,"Mỗi vùng màu chỉ chứa đúng một viên kẹo.","Each colored region contains exactly one candy."
help.rule3_title,Kẹo không chạm nhau,Candies cannot touch
help.rule3_body,"Hai viên kẹo bất kỳ không được chạm nhau — kể cả theo đường chéo.","No two candies may touch each other — not even diagonally."
help.controls_title,Cách điều khiển,Controls
help.control_tap,"Chạm một lần để đánh dấu X (loại trừ ô).","Tap once to mark X (eliminate a cell)."
help.control_double,"Chạm hai lần để đặt kẹo.","Double-tap to place a candy."
help.control_swipe,"Kéo ngang/dọc để đánh dấu X nhiều ô.","Swipe to mark multiple cells."
help.hearts_title,Tim (❤️),Hearts (❤️)
help.hearts_body,"Bạn có 3 tim. Mỗi lần đặt kẹo sai sẽ mất một tim. Hết tim thì thua.","You have 3 hearts. Each wrong candy placement costs one heart. Lose all hearts and you fail."
settings.title,CÀI ĐẶT,SETTINGS
settings.audio,Âm thanh,Sound
settings.haptic,Rung phản hồi,Haptic Feedback
settings.reduced_motion,Giảm chuyển động,Reduce Motion
settings.large_text,Cỡ chữ lớn,Large Text
settings.high_contrast,Độ tương phản cao,High Contrast
settings.colorblind,Hỗ trợ phân biệt màu,Colorblind Mode
settings.language,Ngôn ngữ,Language
settings.language.vi,Tiếng Việt,Tiếng Việt
settings.language.en,English,English
settings.back,Quay lại,Back
settings.restart,Bắt đầu lại,Restart
puzzle.level_caption,Màn,Level
puzzle.hint_unit,Xem kỹ khu vực này,Look at this area
puzzle.hint_cell,Đặt kẹo ở đây,Place candy here
puzzle.restart_title,Chơi lại màn này?,Restart this level?
puzzle.restart_body,Các ô đã đánh dấu và số lỗi của lượt chơi sẽ được đặt lại.,Your marks and mistakes will be reset.
puzzle.restart_ok,Chơi lại,Restart
puzzle.restart_cancel,Tiếp tục,Continue
puzzle.rule_row,1 kẹo mỗi hàng và cột,1 candy per row and column
puzzle.rule_region,1 kẹo mỗi vùng,1 candy per region
puzzle.rule_diagonal,Kẹo không chạm nhau,Candies cannot touch each other
result.win.title,Hoan hô!,Hooray!
result.win.title_campaign,Hoàn thành chiến dịch!,Campaign Complete!
result.win.subtitle,Bạn đã tìm đủ kẹo!,You found all the candies!
result.win.next,Tiếp tục,Continue
result.win.replay,Chơi lại,Play Again
result.win.home,Trang chủ,Home
result.lose.title,Hết tim,Out of Hearts
result.lose.subtitle,Bạn có thể thử lại màn này.,You can try this level again.
result.lose.retry,Thử lại,Retry
result.lose.home,Trang chủ,Home
boot.error,Lỗi khởi động: %s,Boot error: %s
boot.save_failed,Lưu dữ liệu thất bại: %s,Save failed: %s
common.ok,OK,OK
title.endless,Vô tận: Màn %d,Endless: Level %d
title.campaign,Chiến dịch: Màn %s,Campaign: Level %s
hint.wrong_mark,"Ô này đang bị đánh dấu X nhầm! Đây thực ra là vị trí đặt kẹo.","This cell is marked with X by mistake! A candy actually belongs here."
hint.mark_neighbors,"Đã có kẹo tại ô này. Cùng hàng, cùng cột, cùng vùng và các ô chạm nhau không thể chứa thêm kẹo.","A candy is already placed here. Cells in the same row, column, zone, and touching cells cannot contain candy."
hint.single_row,"Trong Hàng %d, chỉ còn đúng 1 ô trống có thể đặt kẹo!","In Row %d, there is only one valid cell left for a candy!"
hint.single_col,"Trong Cột %d, chỉ còn đúng 1 ô trống có thể đặt kẹo!","In Column %d, there is only one valid cell left for a candy!"
hint.single_zone,"Trong vùng màu này, chỉ còn đúng 1 ô trống có thể đặt kẹo!","In this zone, there is only one valid cell left for a candy!"
hint.lock_zone_row,"Kẹo của vùng màu này chắc chắn nằm trên Hàng %d. Hãy đánh dấu X các ô còn lại trên hàng này.","This zone's candy must be on Row %d. Eliminate other cells in this row."
hint.lock_zone_col,"Kẹo của vùng màu này chắc chắn nằm trên Cột %d. Hãy đánh dấu X các ô còn lại trên cột này.","This zone's candy must be on Column %d. Eliminate other cells in this column."
hint.lock_row_zone,"Kẹo của Hàng %d chỉ có thể nằm trong vùng màu này. Hãy đánh dấu X các ô còn lại trong vùng.","The candy for Row %d must be inside this zone. Eliminate other cells in this zone."
hint.lock_col_zone,"Kẹo của Cột %d chỉ có thể nằm trong vùng màu này. Hãy đánh dấu X các ô còn lại trong vùng.","The candy for Column %d must be inside this zone. Eliminate other cells in this zone."
hint.subset_pair,"Hai vùng màu này chỉ có thể đặt kẹo trong 2 hàng/cột tương ứng. Hãy đánh dấu X các ô thừa.","These two zones can only place candies within two corresponding lines. Eliminate extra cells."
hint.subset_triple,"Ba vùng màu này chỉ có thể đặt kẹo trong 3 hàng/cột tương ứng. Hãy đánh dấu X các ô thừa.","These three zones can only place candies within three corresponding lines. Eliminate extra cells."
hint.subset_quad,"Bốn vùng màu này chỉ có thể đặt kẹo trong 4 hàng/cột tương ứng. Hãy đánh dấu X các ô thừa.","These four zones can only place candies within four corresponding lines. Eliminate extra cells."
hint.chain_short,"Nếu đặt kẹo vào ô này sẽ dẫn đến vi phạm luật chơi! Ô này chắc chắn phải đánh dấu X.","Placing a candy here causes a rule violation! This cell must be marked with X."
hint.chain_long,"Suy luận nhiều bước: thử đặt kẹo vào đây sẽ gây mâu thuẫn sau %d bước. Nhấn 'Xem các bước' để theo dõi.","Multi-step deduction: placing candy here leads to a contradiction after %d steps. Tap 'View Steps' to inspect."
hint.fallback,"Gợi ý nước đi tiếp theo: đặt một viên kẹo vào ô này.","Next move suggestion: place a candy in this cell."
hint.clear_mark,Gỡ dấu X,Clear X
hint.mark_x,Đánh dấu X,Mark X
hint.place_candy,Đặt kẹo,Place Candy
hint.reveal,Hiện kẹo,Reveal Candy
hint.detail,Xem các bước,View Steps
